level,gas,state_name,type,energy_eV,n_events
0,CF4, ELASTIC  ANISOTROPIC            CF4              ,elastic,0.0,7477611.0
1,CF4, ION  CF3 +                      ELOSS=   15.70   ,ionisation,15.7,46146.0
2,CF4, ION  CF2 +                      ELOSS=   21.47   ,ionisation,21.47,918.0
3,CF4, ION  CF +                       ELOSS=   29.14   ,ionisation,29.14,105.0
4,CF4, ION  F +                        ELOSS=   34.5    ,ionisation,34.5,14.0
5,CF4, ION  C +                        ELOSS=   34.77   ,ionisation,34.77,14.0
6,CF4," DOUBLE ION    CF3 + , F +       ELOSS=   36.0    ",ionisation,36.0,2.0
7,CF4," DOUBLE ION    CF2 + , F +       ELOSS=   40.0    ",ionisation,40.0,0.0
8,CF4, ATTACHMENT                                       ,attachment,0.0,2.0
9,CF4, VIB  V2           ANISOTROPIC   ELOSS=   -0.0539 ,superelastic,-0.0539,0.0
10,CF4, VIB  V2           ANISOTROPIC   ELOSS=    0.0539 ,inelastic,0.0539,0.0
11,CF4, VIB  V4           ANISOTROPIC   ELOSS=   -0.0783 ,superelastic,-0.0783,0.0
12,CF4, VIB  V4           ANISOTROPIC   ELOSS=    0.0783 ,inelastic,0.0783,1449.0
13,CF4, VIB  V1           ANISOTROPIC   ELOSS=   -0.1126 ,superelastic,-0.1126,274.0
14,CF4, VIB  V1           ANISOTROPIC   ELOSS=    0.1126 ,inelastic,0.1126,3264.0
15,CF4, VIB  V3           ANISOTROPIC   ELOSS=   -0.1588 ,superelastic,-0.1588,9046.0
16,CF4, VIB  V3           ANISOTROPIC   ELOSS=    0.1588 ,inelastic,0.1588,276022.0
17,CF4, VIB 2V3           ANISOTROPIC   ELOSS=    0.3176 ,inelastic,0.3176,851.0
18,CF4, VIB HARMONIC      ANISOTROPIC   ELOSS=    0.4764 ,inelastic,0.4764,94189.0
19,CF4, NEUTRAL DISS      NON-DIPOLE    ELOSS=   11.5    ,inelastic,11.5,1582.0
20,CF4, NEUTRAL DISS DIPOLE F=0.000189  ELOSS=   11.63   ,inelastic,11.63,1214099.0
21,CF4, NEUTRAL DISS DIPOLE F=0.001085  ELOSS=   11.88   ,inelastic,11.88,158328.0
22,CF4, NEUTRAL DISS DIPOLE F=0.004807  ELOSS=   12.13   ,inelastic,12.13,553536.0
23,CF4, NEUTRAL DISS DIPOLE F=0.008819  ELOSS=   12.38   ,inelastic,12.38,5261.0
24,CF4, NEUTRAL DISS      NON-DIPOLE    ELOSS=   12.50   ,inelastic,12.5,12.0
25,CF4, NEUTRAL DISS DIPOLE F=0.008918  ELOSS=   12.63   ,inelastic,12.63,109.0
26,CF4, NEUTRAL DISS DIPOLE F=0.008420  ELOSS=   12.88   ,inelastic,12.88,371.0
27,CF4, NEUTRAL DISS DIPOLE F=0.02531   ELOSS=   13.13   ,inelastic,13.13,673.0
28,CF4, NEUTRAL DISS DIPOLE F=0.09553   ELOSS=   13.38   ,inelastic,13.38,10566.0
29,CF4, NEUTRAL DISS DIPOLE F=0.11193   ELOSS=   13.63   ,inelastic,13.63,572.0
30,CF4, NEUTRAL DISS DIPOLE F=0.10103   ELOSS=   13.88   ,inelastic,13.88,537.0
31,CF4, NEUTRAL DISS      NON-DIPOLE    ELOSS=   14.00   ,inelastic,14.0,1472.0
32,CF4, NEUTRAL DISS DIPOLE F=0.06902   ELOSS=   14.13   ,inelastic,14.13,5118.0
33,CF4, NEUTRAL DISS DIPOLE F=0.03968   ELOSS=   14.38   ,inelastic,14.38,5586.0
34,CF4, NEUTRAL DISS DIPOLE F=0.02584   ELOSS=   14.63   ,inelastic,14.63,4536.0
35,CF4, NEUTRAL DISS DIPOLE F=0.02071   ELOSS=   14.88   ,inelastic,14.88,29928.0
36,CF4, NEUTRAL DISS DIPOLE F=0.03122   ELOSS=   15.13   ,inelastic,15.13,2848.0
37,CF4, NEUTRAL DISS DIPOLE F=0.05580   ELOSS=   15.38   ,inelastic,15.38,1476.0
38,CF4, NEUTRAL DISS DIPOLE F=0.10187   ELOSS=   15.63   ,inelastic,15.63,912.0
39,CF4, NEUTRAL DISS DIPOLE F=0.09427   ELOSS=   15.88   ,inelastic,15.88,643.0
40,CF4, NEUTRAL DISS DIPOLE F=0.05853   ELOSS=   16.13   ,inelastic,16.13,979.0
41,CF4, NEUTRAL DISS DIPOLE F=0.06002   ELOSS=   16.38   ,inelastic,16.38,1437.0
42,CF4, NEUTRAL DISS DIPOLE F=0.05647   ELOSS=   16.63   ,inelastic,16.63,2457.0
43,CF4, NEUTRAL DISS DIPOLE F=0.04885   ELOSS=   16.88   ,inelastic,16.88,2050.0
44,CF4, NEUTRAL DISS DIPOLE F=0.04036   ELOSS=   17.13   ,inelastic,17.13,1228.0
45,CF4, NEUTRAL DISS DIPOLE F=0.03298   ELOSS=   17.38   ,inelastic,17.38,1117.0
46,CF4, NEUTRAL DISS DIPOLE F=0.02593   ELOSS=   17.63   ,inelastic,17.63,998.0
47,CF4, NEUTRAL DISS DIPOLE F=0.01802   ELOSS=   17.88   ,inelastic,17.88,748.0
48,CF4, NEUTRAL DISS DIPOLE F=0.01287   ELOSS=   18.13   ,inelastic,18.13,589.0
49,CF4, NEUTRAL DISS DIPOLE F=0.00830   ELOSS=   18.38   ,inelastic,18.38,450.0
50,CF4, NEUTRAL DISS DIPOLE F=0.00698   ELOSS=   18.63   ,inelastic,18.63,312.0
51,CF4, NEUTRAL DISS DIPOLE F=0.00581   ELOSS=   18.88   ,inelastic,18.88,185.0
52,CF4, NEUTRAL DISS DIPOLE F=0.00502   ELOSS=   19.13   ,inelastic,19.13,123.0
53,CF4, NEUTRAL DISS DIPOLE F=0.00398   ELOSS=   19.38   ,inelastic,19.38,71.0
54,CF4, NEUTRAL DISS DIPOLE F=0.00189   ELOSS=   19.63   ,inelastic,19.63,64.0
55,,,,,40.0
56,,,,,20.0
57,,,,,22.0
58,,,,,13.0
