concentration,Ar_meta,ErrAr_meta,Ar_res,ErrAr_res,Ar_dbleStar,ErrAr_dbleStar,N2_star,ErrN2_star
0.001,18.9637,0.04354824068,25.2716,0.050270266720000005,203.8877,0.14278882946684565,0.24850000000000003,0.004984975016339613
0.005,18.3229,0.042805958979999996,24.676,0.049675255599999996,201.0471,0.1417919882889296,1.1819,0.010871528137966952
0.01,17.5428,0.041883435000000004,23.8485,0.04883457345,197.7164,0.14061075202505052,2.3406000000000002,0.015299002085960037
0.02,16.1822,0.04022733098,22.5557,0.04749328192,191.758,0.1384768234641347,4.5571,0.0213473706394752
0.05,13.4125,0.03662283125,19.8288,0.04452953616,177.78250000000003,0.13333414450926756,10.659300000000002,0.03264853347931955
0.1,10.5074,0.032415329,16.9026,0.041112193979999996,160.30440000000002,0.12661076085019204,19.898799999999998,0.0446082190007201
0.2,7.3425,0.027096761999999996,13.3262,0.03650445966,133.99609999999998,0.1157560876243598,36.80970000000001,0.06067078153300347
0.5,3.2226,0.0179514933,7.0123,0.02648054849,75.7088,0.08701089824440368,81.74369999999999,0.09041220615478146
1.0,0.0,0.0,0.0,0.0,0.0,0.0,148.7824,0.1219760903177854
